Family,Domain,Seed groups,Full region groups,Rfam ID,Description,RNA type
RF00001,Mixed/Eukaryota,"Bacteria (48.60%), Eukaryota (45.51%), Bacteria:Proteobacteria (23.46%), Eukaryota:Viridiplantae (13.48%), Eukaryota:Fungi (12.78%), Eukaryota:Metazoa (11.66%), Bacteria:Actinobacteria (11.10%), Bacteria:Firmicutes (7.44%), Archaea (5.90%), Archaea:Euryarchaeota (5.06%), Eukaryota:Alveolata (1.69%), Archaea:Crenarchaeota (0.84%), Bacteria:Bacteroidetes (0.84%), Bacteria:Cyanobacteria (0.70%), Eukaryota:Amoebozoa (0.70%)","Eukaryota (95.39%), Eukaryota:Metazoa (63.93%), Eukaryota:Viridiplantae (25.82%), Eukaryota:Fungi (4.90%), Bacteria (4.52%), Bacteria:Proteobacteria (0.87%), Bacteria:Firmicutes (0.82%), Bacteria:Actinobacteria (0.55%), Eukaryota:Alveolata (0.24%), Bacteria:Bacteroidetes (0.20%), Archaea (0.09%), Eukaryota:Stramenopiles (0.08%), Archaea:Euryarchaeota (0.07%), Bacteria:Cyanobacteria (0.04%), Eukaryota:Amoebozoa (0.04%), Archaea:Crenarchaeota (0.01%)",5S_rRNA,5S ribosomal RNA,Gene; rRNA;
RF00005,Mixed/Eukaryota,"Eukaryota (78.20%), Eukaryota:Metazoa (36.37%), Eukaryota:Viridiplantae (18.87%), Bacteria (17.30%), Eukaryota:Fungi (14.57%), Bacteria:Firmicutes (4.61%), Bacteria:Proteobacteria (4.30%), Archaea (3.46%), Archaea:Euryarchaeota (2.73%), Eukaryota:Amoebozoa (1.78%), Eukaryota:Alveolata (1.68%), Viruses (1.05%), Bacteria:Actinobacteria (0.94%), Archaea:Crenarchaeota (0.73%), Bacteria:Cyanobacteria (0.21%), Viruses:Retroviridae (0.10%)","Eukaryota (90.40%), Eukaryota:Metazoa (79.57%), Bacteria (9.16%), Eukaryota:Viridiplantae (5.68%), Eukaryota:Fungi (3.48%), Bacteria:Proteobacteria (1.92%), Bacteria:Firmicutes (1.24%), Bacteria:Actinobacteria (1.15%), Eukaryota:Alveolata (0.98%), Bacteria:Bacteroidetes (0.44%), Archaea (0.25%), Viruses (0.19%), Archaea:Euryarchaeota (0.18%), Bacteria:Cyanobacteria (0.10%), Eukaryota:Stramenopiles (0.10%), Eukaryota:Amoebozoa (0.05%), Archaea:Crenarchaeota (0.03%), Archaea:Thaumarchaeota (0.01%)",tRNA,tRNA,Gene; tRNA;
RF00036,Viruses+Retroviridae,"Viruses (100.00%), Viruses:Retroviridae (100.00%)","Viruses (91.67%), Viruses:Retroviridae (91.67%), Bacteria (5.56%), Eukaryota (2.78%), Bacteria:Actinobacteria (2.78%), Eukaryota:Metazoa (2.78%)",RRE,HIV Rev response element,Cis-reg;
RF00041,Viruses+Picornaviridae/No Data,"Viruses (100.00%), Viruses:Picornaviridae (100.00%)",No Data,Entero_OriR,Enteroviral 3' UTR element,Cis-reg;
RF00044,Viruses,Viruses (100.00%),Viruses (100.00%),Phage_pRNA,3WJ core of Phi29 Bacteriophage pRNA,Gene;
RF00048,Viruses+Picornaviridae/Mixed,"Viruses (100.00%), Viruses:Picornaviridae (100.00%)","Eukaryota (66.67%), Eukaryota:Metazoa (66.67%), Viruses (33.33%), Viruses:Picornaviridae (33.33%)",Entero_CRE,Enterovirus cis-acting replication element,Cis-reg;
RF00061,Viruses+Flaviviridae,"Viruses (100.00%), Viruses:Flaviviridae (100.00%)","Viruses (100.00%), Viruses:Flaviviridae (100.00%)",IRES_HCV,Hepatitis C virus internal ribosome entry site,Cis-reg; IRES;
RF00094,Viruses/Mixed,Viruses (100.00%),"Eukaryota (61.11%), Eukaryota:Metazoa (61.11%), Viruses (38.89%)",HDV_ribozyme,Hepatitis delta virus ribozyme,Gene; ribozyme;
RF00102,Viruses,"Viruses (98.18%), Eukaryota (1.82%), Eukaryota:Metazoa (1.82%)","Viruses (95.45%), Eukaryota (4.55%), Eukaryota:Metazoa (4.55%)",VA,VA RNA,Gene;
RF00164,Viruses/Mixed,"Viruses (97.44%), Viruses:Coronaviridae (41.03%), Other (2.56%), Viruses:Picornaviridae (2.56%)","Eukaryota (82.61%), Eukaryota:Metazoa (82.61%), Viruses (17.39%), Viruses:Picornaviridae (8.70%)",s2m,Coronavirus 3' stem-loop II-like motif (s2m),Cis-reg;
RF00165,Viruses+Coronaviridae/Mixed,"Viruses (100.00%), Viruses:Coronaviridae (100.00%)","Eukaryota (82.14%), Eukaryota:Metazoa (67.86%), Viruses (14.29%), Viruses:Coronaviridae (14.29%), Eukaryota:Fungi (7.14%), Eukaryota:Viridiplantae (7.14%), Bacteria (3.57%)",Corona_pk3,Coronavirus 3' UTR pseudoknot,Cis-reg;
RF00171,Viruses,Viruses (100.00%),"Viruses (91.67%), Eukaryota (8.33%), Eukaryota:Metazoa (8.33%)",Tombus_5,Tombusvirus 5' UTR,Cis-reg;
RF00173,Viruses,Viruses (100.00%),Viruses (100.00%),Hairpin,Hairpin ribozyme,Gene; ribozyme;
RF00175,Viruses+Retroviridae/Mixed,"Viruses (100.00%), Viruses:Retroviridae (100.00%)","Viruses (87.50%), Viruses:Retroviridae (87.50%), Eukaryota (9.38%), Eukaryota:Metazoa (9.38%), Bacteria (3.12%), Bacteria:Actinobacteria (3.12%)",HIV-1_DIS,Human immunodeficiency virus type 1 dimerisation initiation site,Cis-reg;
RF00176,Viruses/Mixed,Viruses (100.00%),"Viruses (57.14%), Eukaryota (42.86%), Eukaryota:Metazoa (42.86%)",Tombus_3_IV,Tombusvirus 3' UTR region IV,Cis-reg;
RF00182,Viruses+Coronaviridae,"Viruses (100.00%), Viruses:Coronaviridae (100.00%)","Viruses (100.00%), Viruses:Coronaviridae (100.00%)",Corona_package,Coronavirus packaging signal,Cis-reg;
RF00184,Viruses,Viruses (100.00%),Viruses (100.00%),PVX_3,Potato virus X cis-acting regulatory element,Cis-reg;
RF00185,Viruses+Flaviviridae/Mixed,"Viruses (100.00%), Viruses:Flaviviridae (100.00%)","Eukaryota (50.00%), Viruses (50.00%), Viruses:Flaviviridae (50.00%), Eukaryota:Metazoa (33.33%), Eukaryota:Viridiplantae (16.67%)",Flavi_CRE,Flavivirus 3' UTR cis-acting replication element (CRE),Cis-reg;
RF00192,Viruses+Retroviridae,"Viruses (100.00%), Viruses:Retroviridae (100.00%)","Viruses (100.00%), Viruses:Retroviridae (100.00%)",BLV_package,Bovine leukaemia virus RNA packaging signal,Cis-reg;
RF00193,Viruses,Viruses (100.00%),Viruses (100.00%),CTV_rep_sig,Citrus tristeza virus replication signal,Cis-reg;
RF00194,Viruses/Eukaryota,Viruses (100.00%),"Eukaryota (92.86%), Eukaryota:Viridiplantae (50.00%), Eukaryota:Metazoa (35.71%), Viruses (7.14%), Eukaryota:Fungi (7.14%)",Rubella_3,Rubella virus 3' cis-acting element,Cis-reg;
RF00196,Viruses,Viruses (100.00%),Viruses (100.00%),AMV_RNA1_SL,Alfalfa mosaic virus RNA 1 5' UTR stem-loop,Cis-reg;
RF00209,Viruses+Flaviviridae/Viruses,"Viruses (64.29%), Viruses:Flaviviridae (61.90%), unclassified sequences (35.71%)","Viruses (100.00%), Viruses:Flaviviridae (50.00%)",IRES_Pesti,Pestivirus internal ribosome entry site (IRES) including 5'UTR SLI,Cis-reg; IRES;
RF00210,Viruses+Picornaviridae,"Viruses (100.00%), Viruses:Picornaviridae (100.00%)","Viruses (92.31%), Viruses:Picornaviridae (92.31%), Eukaryota (7.69%), Eukaryota:Metazoa (7.69%)",IRES_Picorna_2,Aphthovirus internal ribosome entry site (IRES),Cis-reg; IRES;
RF00214,Viruses+Retroviridae/Eukaryota+Metazoa,"Viruses (100.00%), Viruses:Retroviridae (100.00%)","Eukaryota (99.06%), Eukaryota:Metazoa (99.06%), Viruses (0.94%), Viruses:Retroviridae (0.94%)",Retro_dr1,Retrovirus direct repeat 1 (dr1),Cis-reg;
RF00215,Viruses/Mixed,Viruses (100.00%),"Eukaryota (57.14%), Viruses (42.86%), Eukaryota:Metazoa (42.86%), Eukaryota:Alveolata (14.29%)",Tombus_3_III,Tombus virus defective interfering (DI) RNA region 3,Cis-reg;
RF00220,Viruses+Picornaviridae/No Data,"Viruses (100.00%), Viruses:Picornaviridae (100.00%)",No Data,Rhino_CRE,Human rhinovirus internal cis-acting regulatory element (CRE),Cis-reg;
RF00225,Viruses,Viruses (100.00%),Viruses (100.00%),IRES_Tobamo,Tobamovirus internal ribosome entry site (IRES),Cis-reg; IRES;
RF00228,Viruses+Picornaviridae,"Viruses (100.00%), Viruses:Picornaviridae (100.00%)","Viruses (100.00%), Viruses:Picornaviridae (100.00%)",IRES_HepA,Hepatitis A virus internal ribosome entry site (IRES),Cis-reg; IRES;
RF00229,Viruses+Picornaviridae/Mixed,"Viruses (100.00%), Viruses:Picornaviridae (100.00%)","Viruses (60.00%), Viruses:Picornaviridae (60.00%), Eukaryota (40.00%), Eukaryota:Metazoa (40.00%)",IRES_Picorna,Picornavirus internal ribosome entry site (IRES),Cis-reg; IRES;
RF00233,Viruses/Mixed,Viruses (100.00%),"Viruses (65.00%), Eukaryota (35.00%), Eukaryota:Viridiplantae (30.00%), Eukaryota:Metazoa (5.00%)",Tymo_tRNA-like,Tymovirus/Pomovirus/Furovirus tRNA-like 3' UTR element,Cis-reg;
RF00250,Viruses+Retroviridae,"Viruses (100.00%), Viruses:Retroviridae (100.00%)","Viruses (96.08%), Viruses:Retroviridae (96.08%), Bacteria (3.92%)",mir-TAR,Trans-activation response element (TAR),Gene; miRNA;
RF00252,Viruses/Mixed,Viruses (100.00%),"Eukaryota (57.14%), Viruses (42.86%), Eukaryota:Viridiplantae (28.57%), Eukaryota:Metazoa (28.57%)",Alfamo_CPB,Alfalfa mosaic virus coat protein binding (CPB) RNA,Cis-reg;
RF00260,Viruses+Flaviviridae,"Viruses (100.00%), Viruses:Flaviviridae (100.00%)","Viruses (100.00%), Viruses:Flaviviridae (100.00%)",HepC_CRE,Hepatitis C virus (HCV) cis-acting replication element (CRE),Cis-reg;
RF00262,Viruses/Mixed,Viruses (100.00%),"Viruses (69.57%), Bacteria (26.09%), Bacteria:Proteobacteria (21.74%), Eukaryota (4.35%), Eukaryota:Metazoa (4.35%)",sar,sar RNA,Gene; antisense;
RF00290,Viruses,Viruses (100.00%),Viruses (100.00%),BaMV_CRE,Bamboo mosaic potexvirus (BaMV) cis-regulatory element,Cis-reg;
RF00363,Viruses+Herpesviridae,"Viruses (100.00%), Viruses:Herpesviridae (100.00%)","Viruses (100.00%), Viruses:Herpesviridae (100.00%)",mir-BART1,mir-BART1 microRNA precursor family,Gene; miRNA;
RF00364,Viruses+Herpesviridae,"Viruses (100.00%), Viruses:Herpesviridae (100.00%)","Viruses (100.00%), Viruses:Herpesviridae (100.00%)",mir-BART2,mir-BART2 microRNA precursor family,Gene; miRNA;
RF00365,Viruses+Herpesviridae,"Viruses (100.00%), Viruses:Herpesviridae (100.00%)","Viruses (100.00%), Viruses:Herpesviridae (100.00%)",mir-BHRF1-1,mir-BHRF1-1 microRNA precursor family,Gene; miRNA;
RF00366,Viruses+Herpesviridae/Mixed,"Viruses (100.00%), Viruses:Herpesviridae (100.00%)","Viruses (85.71%), Viruses:Herpesviridae (85.71%), Eukaryota (14.29%), Eukaryota:Metazoa (14.29%)",mir-BHRF1-2,mir-BHRF1-2 microRNA precursor family,Gene; miRNA;
RF00367,Viruses+Herpesviridae,"Viruses (100.00%), Viruses:Herpesviridae (100.00%)","Viruses (100.00%), Viruses:Herpesviridae (100.00%)",mir-BHRF1-3,mir-BHRF1-3 microRNA precursor family,Gene; miRNA;
RF00374,Viruses+Retroviridae/Eukaryota+Metazoa,"Viruses (100.00%), Viruses:Retroviridae (96.00%)","Eukaryota (97.56%), Eukaryota:Metazoa (97.56%), Viruses (2.44%), Viruses:Retroviridae (2.44%)",Gammaretro_CES,Gammaretrovirus core encapsidation signal,Cis-reg;
RF00375,Viruses+Retroviridae,"Viruses (99.24%), Viruses:Retroviridae (99.24%), Eukaryota (0.76%), Eukaryota:Metazoa (0.76%)","Viruses (95.83%), Viruses:Retroviridae (95.83%), Bacteria (4.17%), Bacteria:Actinobacteria (4.17%)",HIV_PBS,HIV primer binding site (PBS),Cis-reg;
RF00376,Viruses+Retroviridae,"Viruses (100.00%), Viruses:Retroviridae (100.00%)","Viruses (91.11%), Viruses:Retroviridae (91.11%), Bacteria (6.67%), Eukaryota (2.22%), Bacteria:Actinobacteria (2.22%), Eukaryota:Metazoa (2.22%)",HIV_GSL3,HIV gag stem loop 3 (GSL3),Cis-reg;
RF00384,Viruses,Viruses (100.00%),Viruses (100.00%),Pox_AX_element,Poxvirus AX element late mRNA cis-regulatory element,Cis-reg;
RF00385,Viruses+Coronaviridae/Mixed,"Viruses (100.00%), Viruses:Coronaviridae (100.00%)","Eukaryota (63.64%), Eukaryota:Metazoa (54.55%), Viruses (27.27%), Viruses:Coronaviridae (27.27%), Bacteria (9.09%), Eukaryota:Viridiplantae (9.09%)",IBV_D-RNA,Infectious bronchitis virus D-RNA,Cis-reg;
RF00386,Viruses+Picornaviridae,"Viruses (100.00%), Viruses:Picornaviridae (100.00%)","Viruses (100.00%), Viruses:Picornaviridae (100.00%)",Entero_5_CRE,Enterovirus 5' cloverleaf cis-acting replication element,Cis-reg;
RF00389,Viruses,Viruses (100.00%),Viruses (100.00%),satBaMV_CRE,Bamboo mosaic virus satellite RNA cis-regulatory element,Cis-reg;
RF00390,Viruses/Mixed,Viruses (100.00%),"Eukaryota (66.67%), Eukaryota:Metazoa (66.67%), Viruses (33.33%)",TYMV_upPK,turnip yellow mosaic virus upstream pseudo-knot (TYMV_upPK),Cis-reg;
RF00434,Viruses,Viruses (100.00%),Viruses (100.00%),BTE,Luteovirus cap-independent translation element (BTE),Cis-reg;
RF00448,Viruses+Herpesviridae/Mixed,"Viruses (100.00%), Viruses:Herpesviridae (100.00%)","Viruses (85.71%), Viruses:Herpesviridae (85.71%), Eukaryota (14.29%), Eukaryota:Metazoa (14.29%)",IRES_EBNA,Epstein-Barr virus nuclear antigen (EBNA) IRES,Cis-reg; IRES;
RF00453,Viruses+Picornaviridae,"Viruses (100.00%), Viruses:Picornaviridae (100.00%)","Viruses (100.00%), Viruses:Picornaviridae (100.00%)",Cardiovirus_CRE,Cardiovirus cis-acting replication element (CRE),Cis-reg;
RF00458,Viruses,Viruses (100.00%),Viruses (100.00%),IRES_Cripavirus,Cripavirus internal ribosome entry site (IRES),Cis-reg; IRES;
RF00467,Viruses+Retroviridae/Eukaryota+Metazoa,"Viruses (100.00%), Viruses:Retroviridae (100.00%)","Eukaryota (98.55%), Eukaryota:Metazoa (98.55%), Viruses (1.45%), Viruses:Retroviridae (1.45%)",RSV_PBS,Rous sarcoma virus (RSV) primer binding site (PBS),Cis-reg;
RF00468,Viruses+Flaviviridae,"Viruses (100.00%), Viruses:Flaviviridae (100.00%)","Viruses (100.00%), Viruses:Flaviviridae (100.00%)",HCV_SLVII,Hepatitis C virus stem-loop VII,Cis-reg;
RF00470,Viruses,Viruses (100.00%),Viruses (100.00%),Toga_5_CRE,Togavirus 5' plus strand cis-regulatory element,Cis-reg;
RF00480,Viruses+Retroviridae,"Viruses (100.00%), Viruses:Retroviridae (100.00%)","Viruses (93.55%), Viruses:Retroviridae (93.55%), Bacteria (6.45%)",HIV_FE,HIV Ribosomal frameshift signal,Cis-reg; frameshift_element;
RF00481,Viruses+Flaviviridae,"Viruses (100.00%), Viruses:Flaviviridae (100.00%)","Viruses (100.00%), Viruses:Flaviviridae (100.00%)",HCV_X3,Hepatitis C virus 3' X element,Cis-reg;
RF00498,Viruses,Viruses (100.00%),Viruses (100.00%),EAV_LTH,Equine arteritis virus leader TRS hairpin (LTH),Cis-reg; leader;
RF00499,Viruses+Picornaviridae/Mixed,"Viruses (100.00%), Viruses:Picornaviridae (100.00%)","Eukaryota (50.00%), Viruses (50.00%), Eukaryota:Metazoa (50.00%), Viruses:Picornaviridae (50.00%)",Parecho_CRE,Human parechovirus 1 (HPeV1) cis regulatory element (CRE),Cis-reg;
RF00500,Viruses,Viruses (100.00%),Viruses (100.00%),TCV_H5,Turnip crinkle virus (TCV) repressor of minus strand synthesis H5,Cis-reg;
RF00501,Viruses,Viruses (100.00%),Viruses (100.00%),Rota_CRE,Rotavirus cis-acting replication element (CRE),Cis-reg;
RF00502,Viruses,Viruses (100.00%),Viruses (100.00%),TCV_Pr,Turnip crinkle virus (TCV) core promoter hairpin (Pr),Cis-reg;
RF00507,Viruses+Coronaviridae,"Viruses (100.00%), Viruses:Coronaviridae (100.00%)","Viruses (100.00%), Viruses:Coronaviridae (100.00%)",Corona_FSE,Coronavirus frameshifting stimulation element,Cis-reg; frameshift_element;
RF00510,Viruses/Mixed,Viruses (100.00%),"Viruses (55.56%), Eukaryota (44.44%), Eukaryota:Metazoa (44.44%)",Tombus_IRE,Tombusvirus internal replication element (IRE),Cis-reg;
RF00511,Viruses+Herpesviridae,"Viruses (100.00%), Viruses:Herpesviridae (100.00%)","Viruses (100.00%), Viruses:Herpesviridae (100.00%)",IRES_KSHV,Kaposi's sarcoma-associated herpesvirus internal ribosome entry site,Cis-reg; IRES;
RF00525,Viruses+Flaviviridae/Mixed,"Viruses (100.00%), Viruses:Flaviviridae (100.00%)","Eukaryota (76.92%), Eukaryota:Alveolata (69.23%), Viruses (23.08%), Viruses:Flaviviridae (23.08%), Eukaryota:Metazoa (7.69%)",Flavivirus_DB,Flavivirus DB element,Cis-reg;
RF00550,Viruses,Viruses (100.00%),Viruses (100.00%),HepE_CRE,Hepatitis E virus cis-reactive element,Cis-reg;
RF00617,Viruses+Flaviviridae/No Data,"Viruses (100.00%), Viruses:Flaviviridae (100.00%)",No Data,cHP,Flavivirus capsid hairpin cHP,Cis-reg;
RF00620,Viruses+Flaviviridae,"Viruses (100.00%), Viruses:Flaviviridae (100.00%)","Viruses (100.00%), Viruses:Flaviviridae (100.00%)",HCV_ARF_SL,Hepatitis C alternative reading frame stem-loop,Cis-reg;
RF00863,Viruses+Herpesviridae/Mixed,"Viruses (100.00%), Viruses:Herpesviridae (100.00%)","Viruses (83.33%), Viruses:Herpesviridae (83.33%), Eukaryota (16.67%), Eukaryota:Metazoa (16.67%)",mir-BART17,mir-BART17 microRNA precursor family,Gene; miRNA;
RF00864,Viruses+Herpesviridae,"Viruses (100.00%), Viruses:Herpesviridae (100.00%)","Viruses (100.00%), Viruses:Herpesviridae (100.00%)",mir-BART20,mir-BART20 microRNA precursor family,Gene; miRNA;
RF00866,Viruses+Herpesviridae,"Viruses (100.00%), Viruses:Herpesviridae (100.00%)","Viruses (90.91%), Viruses:Herpesviridae (90.91%), Eukaryota (9.09%), Eukaryota:Metazoa (9.09%)",mir-BART3,mir-BART3 microRNA precursor family,Gene; miRNA;
RF00867,Viruses+Herpesviridae/Mixed,"Viruses (100.00%), Viruses:Herpesviridae (100.00%)","Viruses (85.71%), Viruses:Herpesviridae (85.71%), Eukaryota (14.29%), Eukaryota:Metazoa (14.29%)",mir-BART5,mir-BART5 microRNA precursor family,Gene; miRNA;
RF00868,Viruses+Herpesviridae/Mixed,"Viruses (100.00%), Viruses:Herpesviridae (100.00%)","Viruses (85.71%), Viruses:Herpesviridae (85.71%), Eukaryota (14.29%), Eukaryota:Metazoa (14.29%)",mir-BART15,mir-BART15 microRNA precursor family,Gene; miRNA;
RF00869,Viruses+Herpesviridae,"Viruses (100.00%), Viruses:Herpesviridae (100.00%)","Viruses (100.00%), Viruses:Herpesviridae (100.00%)",mir-BART7,mir-BART7 microRNA precursor family,Gene; miRNA;
RF00874,Viruses+Herpesviridae,"Viruses (100.00%), Viruses:Herpesviridae (100.00%)","Viruses (100.00%), Viruses:Herpesviridae (100.00%)",mir-BART12,mir-BART12 microRNA precursor family,Gene; miRNA;
RF01009,Viruses+Herpesviridae,"Viruses (100.00%), Viruses:Herpesviridae (100.00%)","Viruses (100.00%), Viruses:Herpesviridae (100.00%)",mir-M7,mir-M7 microRNA precursor family,Gene; miRNA;
RF01047,Viruses,Viruses (100.00%),"Viruses (93.75%), Eukaryota (6.25%), Eukaryota:Metazoa (6.25%)",HBV_epsilon,HBV RNA encapsidation signal epsilon,Cis-reg;
RF01072,Viruses/Mixed,Viruses (100.00%),"Viruses (70.37%), Eukaryota (29.63%), Eukaryota:Viridiplantae (14.81%), Eukaryota:Metazoa (14.81%)",TMV_UPD-PK3,Pseudoknot of upstream pseudoknot domain (UPD) of the 3'UTR,Cis-reg;
RF01073,Viruses+Retroviridae/Eukaryota+Metazoa,"Viruses (100.00%), Viruses:Retroviridae (100.00%)","Eukaryota (99.94%), Eukaryota:Metazoa (99.94%), Viruses (0.06%), Viruses:Retroviridae (0.06%)",GP_knot1,Gag/pol translational readthrough site,Cis-reg;
RF01074,Viruses,Viruses (100.00%),Viruses (100.00%),RF_site1,Putative RNA-dependent RNA polymerase ribosomal frameshift site,Cis-reg; frameshift_element;
RF01075,Viruses,Viruses (100.00%),Viruses (100.00%),TLS-PK1,Pseudoknot of tRNA-like structure,Cis-reg;
RF01076,Viruses,Viruses (100.00%),Viruses (100.00%),RF_site2,Polymerase ribosomal frameshift site,Cis-reg; frameshift_element;
RF01077,Viruses,Viruses (100.00%),Viruses (100.00%),TLS-PK2,Pseudoknot of tRNA-like structure,Cis-reg;
RF01078,Viruses,Viruses (100.00%),Viruses (100.00%),PK-PYVV,3'-terminal pseudoknot in PYVV,Cis-reg;
RF01079,Viruses,Viruses (100.00%),Viruses (100.00%),RF_site3,Putative RNA-dependent RNA polymerase ribosomal frameshift site,Cis-reg; frameshift_element;
RF01080,Viruses,Viruses (100.00%),Viruses (100.00%),UPD-PKib,Pseudoknot of upstream pseudoknot domain (UPD) of the 3'UTR,Cis-reg;
RF01081,Viruses,Viruses (100.00%),Viruses (100.00%),SBWMV1_UPD-PKe,Pseudoknot of upstream pseudoknot domain (UPD) of the 3'UTR,Cis-reg;
RF01082,Viruses/Mixed,Viruses (100.00%),"Eukaryota (83.33%), Eukaryota:Metazoa (66.67%), Viruses (16.67%), Eukaryota:Viridiplantae (16.67%)",SBWMV1_UPD-PKh,Pseudoknot of upstream pseudoknot domain (UPD) of the 3'UTR,Cis-reg;
RF01083,Viruses/Mixed,Viruses (100.00%),"Eukaryota (70.59%), Eukaryota:Metazoa (58.82%), Viruses (29.41%), Eukaryota:Fungi (11.76%)",UPD-PK2,Pseudoknot of upstream pseudoknot domain (UPD) of the 3'UTR,Cis-reg;
RF01084,Viruses,Viruses (100.00%),"Viruses (93.33%), Eukaryota (6.67%), Eukaryota:Viridiplantae (6.67%)",TLS-PK3,Pseudoknot of tRNA-like structure,Cis-reg;
RF01085,Viruses/No Data,Viruses (100.00%),No Data,TLS-PK4,Pseudoknot of tRNA-like structure,Cis-reg;
RF01088,Viruses/No Data,Viruses (100.00%),No Data,TLS-PK5,Pseudoknot of tRNA-like structure,Cis-reg;
RF01091,Viruses/Mixed,Viruses (100.00%),"Viruses (77.78%), Eukaryota (22.22%), Eukaryota:Metazoa (22.22%)",PK-SPCSV,3'-terminal pseudoknot in SPCSV,Cis-reg;
RF01092,Viruses+Retroviridae/No Data,"Viruses (100.00%), Viruses:Retroviridae (100.00%)",No Data,GP_knot2,Gag/pol translational readthrough site,Cis-reg;
RF01094,Viruses+Coronaviridae,"Viruses (100.00%), Viruses:Coronaviridae (100.00%)","Viruses (100.00%), Viruses:Coronaviridae (100.00%)",RF_site6,Polymerase ribosomal frameshift site,Cis-reg; frameshift_element;
RF01095,Viruses,Viruses (100.00%),Viruses (100.00%),PK-CuYV_BPYV,3'-terminal pseudoknot of CuYV/BPYV,Cis-reg;
RF01096,Viruses+Picornaviridae,"Viruses (100.00%), Viruses:Picornaviridae (100.00%)","Viruses (100.00%), Viruses:Picornaviridae (100.00%)",PK-HAV,HepA virus 3'-terminal pseudoknot,Cis-reg;
RF01097,Viruses/Eukaryota+Metazoa,"Viruses (100.00%), Viruses:Retroviridae (75.00%)","Eukaryota (99.97%), Eukaryota:Metazoa (99.97%), Viruses (0.03%), Viruses:Retroviridae (0.03%)",RF_site8,Gag/pro ribosomal frameshift site,Cis-reg; frameshift_element;
RF01098,Viruses+Retroviridae/Mixed,"Viruses (100.00%), Viruses:Retroviridae (100.00%)","Eukaryota (66.67%), Eukaryota:Metazoa (66.67%), Viruses (33.33%), Viruses:Retroviridae (33.33%)",RF_site9,Gag/pro ribosomal frameshift site,Cis-reg; frameshift_element;
RF01099,Viruses+Orthomyxoviridae/Mixed,"Viruses (100.00%), Viruses:Orthomyxoviridae (100.00%)","Viruses (88.57%), Viruses:Orthomyxoviridae (88.57%), Bacteria (8.57%), Eukaryota (2.86%), Bacteria:Proteobacteria (2.86%), Eukaryota:Metazoa (2.86%)",PK-IAV,Pseudoknot of influenza A virus gene,Cis-reg;
RF01100,Viruses,Viruses (100.00%),Viruses (100.00%),PK-BYV,3'-terminal pseudoknot in BYV,Cis-reg;
RF01101,Viruses,Viruses (100.00%),Viruses (100.00%),TLS-PK6,Pseudoknot of tRNA-like structure,Cis-reg;
RF01102,Viruses/No Data,Viruses (100.00%),No Data,PK1-TEV_CVMV,5'-leader pseudoknot of TEV/CVMV,Cis-reg; leader;
RF01103,Viruses/No Data,Viruses (100.00%),No Data,UPD-PKc,Pseudoknot of upstream pseudoknot domain (UPD) of the 3'UTR,Cis-reg;
RF01104,Viruses,Viruses (100.00%),Viruses (100.00%),SBWMV2_UPD-PKb,Pseudoknot of upstream pseudoknot domain (UPD) of the 3'UTR,Cis-reg;
RF01105,Viruses,Viruses (100.00%),Viruses (100.00%),SBWMV2_UPD-PKl,Pseudoknot of upstream pseudoknot domain (UPD) of the 3'UTR,Cis-reg;
RF01106,Viruses,Viruses (100.00%),Viruses (100.00%),SBWMV1_UPD-PKb,Pseudoknot of upstream pseudoknot domain (UPD) of the 3'UTR,Cis-reg;
RF01107,Viruses/No Data,Viruses (100.00%),No Data,SBRMV1_UPD-PKf,Pseudoknot of upstream pseudoknot domain (UPD) of the 3'UTR,Cis-reg;
RF01108,Viruses,Viruses (100.00%),Viruses (100.00%),BMV3_UPD-PK1,Pseudoknot of upstream pseudoknot domain (UPD) of the 3'UTR,Cis-reg;
RF01109,Viruses/No Data,Viruses (100.00%),No Data,SBRMV1_UPD-PKd,Pseudoknot of upstream pseudoknot domain (UPD) of the 3'UTR,Cis-reg;
RF01111,Viruses,Viruses (100.00%),Viruses (100.00%),SBWMV2_UPD-PKk,Pseudoknot of upstream pseudoknot domain (UPD) of the 3'UTR,Cis-reg;
RF01113,Viruses/Mixed,Viruses (100.00%),"Viruses (66.67%), Eukaryota (33.33%), Eukaryota:Metazoa (33.33%)",BMV3_UPD-PK3,Pseudoknot of upstream pseudoknot domain (UPD) of the 3'UTR,Cis-reg;
RF01114,Viruses/Mixed,Viruses (100.00%),"Eukaryota (50.00%), Viruses (50.00%), Eukaryota:Fungi (50.00%)",TMV_UPD-PK1,Pseudoknot of upstream pseudoknot domain (UPD) of the 3'UTR,Cis-reg;
RF01313,Viruses/Mixed,Viruses (100.00%),"Eukaryota (82.61%), Eukaryota:Metazoa (82.61%), Viruses (17.39%)",AHBV_epsilon,Avian HBV RNA encapsidation signal epsilon,Cis-reg;
RF01380,Viruses+Retroviridae/Mixed,"Viruses (100.00%), Viruses:Retroviridae (100.00%)","Eukaryota (33.33%), Viruses (33.33%), Viruses:Retroviridae (33.33%), Bacteria (30.00%), Bacteria:Actinobacteria (13.33%), Eukaryota:Metazoa (13.33%), Eukaryota:Viridiplantae (10.00%), Archaea (3.33%), Archaea:Euryarchaeota (3.33%), Eukaryota:Fungi (3.33%), Bacteria:Proteobacteria (1.67%), Bacteria:Firmicutes (1.67%)",HIV-1_SD,Human immunodeficiency virus type 1 major splice donor,Cis-reg;
RF01381,Viruses+Retroviridae/Mixed,"Viruses (100.00%), Viruses:Retroviridae (100.00%)","Viruses (72.41%), Viruses:Retroviridae (72.41%), Eukaryota (24.14%), Eukaryota:Metazoa (17.24%), Eukaryota:Viridiplantae (6.90%), Bacteria (3.45%), Bacteria:Actinobacteria (3.45%)",HIV-1_SL3,HIV-1 stem-loop 3 Psi packaging signal,Cis-reg;
RF01382,Viruses+Retroviridae/Mixed,"Viruses (100.00%), Viruses:Retroviridae (100.00%)","Viruses (54.72%), Viruses:Retroviridae (54.72%), Eukaryota (41.51%), Eukaryota:Metazoa (26.42%), Eukaryota:Fungi (9.43%), Bacteria (3.77%), Eukaryota:Viridiplantae (3.77%), Bacteria:Proteobacteria (1.89%), Bacteria:Actinobacteria (1.89%), Eukaryota:Alveolata (1.89%)",HIV-1_SL4,HIV-1 stem-loop 4 packaging signal,Cis-reg;
RF01415,Viruses+Flaviviridae/No Data,"Viruses (100.00%), Viruses:Flaviviridae (100.00%)",No Data,Flavivirus_SLIV,Flavivirus 3'UTR stem loop IV,Cis-reg;
RF01417,Viruses/Eukaryota+Metazoa,"Viruses (100.00%), Viruses:Retroviridae (87.50%)","Eukaryota (99.47%), Eukaryota:Metazoa (99.47%), Viruses (0.53%), Viruses:Retroviridae (0.53%)",RSV_RNA,Retroviral 3'UTR stability element,Cis-reg;
RF01418,Viruses+Retroviridae,"Viruses (100.00%), Viruses:Retroviridae (100.00%)","Viruses (91.43%), Viruses:Retroviridae (91.43%), Bacteria (5.71%), Eukaryota (2.86%), Eukaryota:Metazoa (2.86%)",HIV_POL-1_SL,HIV pol-1 stem loop,Cis-reg;
RF01453,Viruses,Viruses (100.00%),Viruses (100.00%),RCNMV_TE_DR1,3'TE-DR1 translation enhancer element,Cis-reg;
RF01454,Viruses,Viruses (100.00%),Viruses (100.00%),RCNMV_5UTR,5'UTR enhancer element,Cis-reg;
RF01508,Viruses,Viruses (100.00%),Viruses (100.00%),BYDV_5_UTR,Barley yellow dwarf virus 5'UTR,Cis-reg;
RF01516,Viruses+Herpesviridae,"Viruses (100.00%), Viruses:Herpesviridae (100.00%)","Viruses (100.00%), Viruses:Herpesviridae (100.00%)",v-snoRNA-1,Human herpesvirus 1 small nucleolar RNA,Gene; snRNA; snoRNA; CD-box;
RF01717,Mixed/Viruses,unclassified sequences (100.00%),Viruses (100.00%),PhotoRC-II,PhotoRC-II RNA,Cis-reg;
RF01745,Bacteria+Proteobacteria/Viruses,"unclassified sequences (98.79%), Bacteria (1.21%), Bacteria:Proteobacteria (1.21%)","Viruses (95.00%), Bacteria (5.00%)",manA,manA RNA,Cis-reg;
RF01761,Viruses/Mixed,"unclassified sequences (98.15%), Viruses (1.85%)","Viruses (58.57%), Eukaryota (41.43%), Eukaryota:Metazoa (40.00%), Eukaryota:Viridiplantae (1.43%)",wcaG,wcaG RNA,Cis-reg;
RF01768,Viruses+Flaviviridae/No Data,"Viruses (100.00%), Viruses:Flaviviridae (100.00%)",No Data,flavi_FSE,ribosomal frameshift site,Cis-reg; frameshift_element;
RF01785,Viruses+Retroviridae/Mixed,"Viruses (100.00%), Viruses:Retroviridae (100.00%)","Eukaryota (83.33%), Eukaryota:Metazoa (83.33%), Viruses (16.67%), Viruses:Retroviridae (16.67%)",blv_FSE,ribosomal frameshift site,Cis-reg; frameshift_element;
RF01789,Viruses+Herpesviridae,"Viruses (100.00%), Viruses:Herpesviridae (100.00%)","Viruses (100.00%), Viruses:Herpesviridae (100.00%)",EBER1,Epstein-Barr virus EBER1,Gene; sRNA;
RF01790,Viruses+Retroviridae,"Viruses (100.00%), Viruses:Retroviridae (100.00%)","Viruses (100.00%), Viruses:Retroviridae (100.00%)",htlv_FSE,ribosomal frameshift site,Cis-reg; frameshift_element;
RF01792,Viruses+Retroviridae/No Data,"Viruses (100.00%), Viruses:Retroviridae (100.00%)",No Data,eiav_FSE,ribosomal frameshift site,Cis-reg; frameshift_element;
RF01802,Viruses+Herpesviridae/Mixed,"Viruses (100.00%), Viruses:Herpesviridae (100.00%)","Viruses (80.00%), Viruses:Herpesviridae (80.00%), Eukaryota (20.00%), Eukaryota:Metazoa (20.00%)",HSUR,Herpesvirus saimiri U RNA1/RNA2,Gene; snRNA;
RF01828,Bacteria+Firmicutes/Viruses,"Bacteria (100.00%), Bacteria:Firmicutes (100.00%)","Viruses (92.31%), Bacteria (7.69%), Bacteria:Firmicutes (7.69%)",SprD,Small pathogenicity island RNA D,Gene; sRNA;
RF01833,Viruses,Viruses (100.00%),Viruses (100.00%),astro_FSE,ribosomal frameshift site,Cis-reg; frameshift_element;
RF01834,Viruses+Retroviridae,"Viruses (100.00%), Viruses:Retroviridae (100.00%)","Viruses (100.00%), Viruses:Retroviridae (100.00%)",fiv_FSE,ribosomal frameshift site,Cis-reg; frameshift_element;
RF01835,Viruses+Retroviridae,"Viruses (100.00%), Viruses:Retroviridae (100.00%)","Viruses (100.00%), Viruses:Retroviridae (100.00%)",HIV_FS2,ribosomal frameshift site,Cis-reg; frameshift_element;
RF01836,Viruses/Mixed,Viruses (100.00%),"Bacteria (75.00%), Bacteria:Actinobacteria (75.00%), Viruses (25.00%)",weev_FSE,ribosomal frameshift site,Cis-reg; frameshift_element;
RF01837,Viruses/Eukaryota+Metazoa,Viruses (100.00%),"Eukaryota (100.00%), Eukaryota:Metazoa (100.00%)",toga_FSE,togavirus ribosomal frameshift element,Cis-reg; frameshift_element;
RF01838,Viruses,Viruses (100.00%),Viruses (100.00%),sobemo_FSE,sobemovirus ribosomal frameshift elemental,Cis-reg; frameshift_element;
RF01839,Viruses/No Data,Viruses (100.00%),No Data,eeev_FSE,eastern equine encephalitis ribosomal frameshift element,Cis-reg; frameshift_element;
RF01840,Viruses+Retroviridae,"Viruses (100.00%), Viruses:Retroviridae (100.00%)","Viruses (100.00%), Viruses:Retroviridae (100.00%)",ovine_lenti_FSE,ribosomal frameshift element,Cis-reg; frameshift_element;
RF01841,Viruses/No Data,Viruses (100.00%),No Data,veev_FSE,venezuelan equine encephalitis virus ribosomal frameshift element,Cis-reg; frameshift_element;
RF01852,Mixed,"Bacteria (68.81%), Bacteria:Proteobacteria (48.62%), Eukaryota (29.36%), Eukaryota:Metazoa (25.69%), Bacteria:Firmicutes (11.93%), Bacteria:Actinobacteria (4.59%), Archaea (1.83%), Archaea:Euryarchaeota (1.83%), Eukaryota:Viridiplantae (0.92%)","Bacteria (55.11%), Eukaryota (44.32%), Eukaryota:Metazoa (33.00%), Bacteria:Proteobacteria (11.94%), Bacteria:Actinobacteria (9.02%), Bacteria:Firmicutes (8.41%), Eukaryota:Alveolata (5.01%), Eukaryota:Viridiplantae (1.41%), Eukaryota:Stramenopiles (1.08%), Eukaryota:Fungi (0.42%), Viruses (0.40%), Eukaryota:Amoebozoa (0.19%), Archaea (0.16%), Archaea:Euryarchaeota (0.12%), Bacteria:Bacteroidetes (0.12%), Bacteria:Cyanobacteria (0.02%)",tRNA-Sec,Selenocysteine transfer RNA,Gene; tRNA;
RF01940,Viruses+Herpesviridae,"Viruses (100.00%), Viruses:Herpesviridae (100.00%)","Viruses (100.00%), Viruses:Herpesviridae (100.00%)",hvt-mir-H,hvt-mir-H9 microRNA precursor family,Gene; miRNA;
RF02340,Viruses+Flaviviridae,"Viruses (93.33%), Viruses:Flaviviridae (93.33%), Other (6.67%)","Viruses (100.00%), Viruses:Flaviviridae (100.00%)",DENV_SLA,Dengue virus SLA,Cis-reg;
RF02359,Viruses/Mixed,Viruses (100.00%),"Eukaryota (66.67%), Eukaryota:Metazoa (66.67%), Viruses (33.33%)",MS2,Bacteriophage MS2 operator hairpin,Cis-reg;
RF02415,Bacteria+Firmicutes/Viruses,"Bacteria (100.00%), Bacteria:Firmicutes (100.00%)","Viruses (90.91%), Bacteria (9.09%), Bacteria:Firmicutes (9.09%)",rliG,Listeria sRNA rliG,Gene; sRNA;
RF02416,Viruses,Viruses (100.00%),Viruses (100.00%),TCV_H4,Turnip crinkle virus 3'UTR,Cis-reg;
RF02455,Viruses,Viruses (100.00%),Viruses (100.00%),Virus_CITE_1,Dianthovirus RNA2 cap-independent translation element,Cis-reg;
RF02456,Viruses,Viruses (100.00%),Viruses (100.00%),Diantho_3_UTR,Dianthovirus RNA2 3'UTR stem loops,Cis-reg;
RF02457,Viruses,Viruses (100.00%),Viruses (100.00%),Virus_CITE_2,Tombusvirus 3' cap-independent translation element,Cis-reg;
RF02458,Viruses,Viruses (100.00%),Viruses (100.00%),Virus_CITE_3,Aureusvirus cap-independent translation element,Cis-reg;
RF02459,Viruses,Viruses (100.00%),Viruses (100.00%),Virus_CITE_4,Necrovirus cap-independent translation element,Cis-reg;
RF02460,Viruses,Viruses (100.00%),Viruses (100.00%),Virus_CITE_5,Satellite tobacco necrosis virus cap-independent translation element,Cis-reg;
RF02461,Viruses/No Data,Viruses (100.00%),No Data,Virus_CITE_6,Blackcurrant reversion virus cap-independent translation element,Cis-reg;
RF02521,Viruses,Viruses (100.00%),Viruses (100.00%),Virus-PTE,Panicum mosaic virus cap-independent translation enhancer RNA (PTE),Cis-reg;
RF02522,Viruses,Viruses (100.00%),Viruses (100.00%),Virus_CITE_8,Pea enation mosaic virus-2 cap-independent translation element,Cis-reg;
RF02532,Viruses/No Data,Viruses (100.00%),No Data,MNV_3UTR,Murine norovirus 3'UTR,Cis-reg;
RF02533,Viruses+Picornaviridae,"Viruses (100.00%), Viruses:Picornaviridae (100.00%)","Viruses (100.00%), Viruses:Picornaviridae (100.00%)",HAV_CRE,Hepatitis A virus (HAV) cis-acting replication element (CRE),Cis-reg;
RF02534,Viruses/Eukaryota+Metazoa,Viruses (100.00%),"Eukaryota (100.00%), Eukaryota:Metazoa (100.00%)",Noro_CRE,Norovirus cis-acting replication element (CRE),Cis-reg;
RF02536,Viruses+Picornaviridae,"Viruses (100.00%), Viruses:Picornaviridae (100.00%)","Viruses (100.00%), Viruses:Picornaviridae (100.00%)",AEV_CRE,Avian encephalitis virus (AEV) cis-acting replication element (CRE),Cis-reg;
RF02589,Bacteria+Firmicutes/Viruses,"Bacteria (100.00%), Bacteria:Firmicutes (100.00%)","Viruses (93.55%), Bacteria (6.45%), Bacteria:Firmicutes (4.84%)",Spy779816,S. pyogenes small RNA 779816,Gene; sRNA;
RF02595,Viruses+Herpesviridae,"Viruses (100.00%), Viruses:Herpesviridae (100.00%)","Viruses (94.59%), Viruses:Herpesviridae (94.59%), Eukaryota (5.41%), Eukaryota:Metazoa (5.41%)",EBv-sisRNA-1,Epstein-Barr virus stable intronic sequence RNA 1,Gene;
RF02598,Viruses+Herpesviridae/Mixed,"Viruses (100.00%), Viruses:Herpesviridae (100.00%)","Eukaryota (51.74%), Eukaryota:Metazoa (48.26%), Viruses (45.35%), Viruses:Herpesviridae (45.35%), Bacteria (2.91%), Eukaryota:Viridiplantae (1.74%), Eukaryota:Alveolata (1.74%), Bacteria:Proteobacteria (0.58%), Bacteria:Actinobacteria (0.58%)",EBv-sisRNA-2,Epstein-Barr virus stable intronic sequence RNA 2,Gene;
RF02658,Viruses/No Data,Viruses (100.00%),No Data,IRES_RhPV,Rhopalosiphum padi virus 5'UTR internal ribosome entry site,Cis-reg; IRES;
RF02672,Bacteria+Firmicutes/Viruses,"Bacteria (100.00%), Bacteria:Firmicutes (100.00%)","Viruses (92.59%), Bacteria (7.41%), Bacteria:Firmicutes (7.41%)",SprX,Small pathogenicity island RNA X,Gene; sRNA;
RF02678,Mixed/Viruses,"unclassified sequences (98.06%), Other (1.29%), Bacteria (0.65%), Bacteria:Firmicutes (0.65%)",Viruses (100.00%),Hatchet,Hatchet ribozyme,Gene; ribozyme;
RF02686,Mixed/Viruses,unclassified sequences (100.00%),Viruses (100.00%),RAGATH-6,RAGATH-6 RNA,Gene; ribozyme;
RF02712,Viruses+Herpesviridae,"Viruses (100.00%), Viruses:Herpesviridae (100.00%)","Viruses (100.00%), Viruses:Herpesviridae (100.00%)",EBER2,Epstein-Barr virus EBER2,Gene; sRNA;
RF02816,Viruses/Mixed,Viruses (100.00%),"Viruses (84.62%), Eukaryota (15.38%), Eukaryota:Fungi (15.38%)",HBV_PRE_1151-1410,Hepatitis B virus post-transcriptional regulatory element 1151-1410,Cis-reg;
RF02892,Mixed/Viruses,"Bacteria (66.67%), Bacteria:Firmicutes (66.67%), Viruses (33.33%)","Viruses (92.86%), Bacteria (7.14%), Bacteria:Firmicutes (7.14%)",SR6_antitoxin,Bacillus SR6 antitoxin,Gene; antisense;
RF02897,Mixed/Viruses,"Viruses (75.00%), Bacteria (25.00%), Bacteria:Firmicutes (25.00%)","Viruses (94.74%), Bacteria (5.26%), Bacteria:Firmicutes (2.63%)",S808,Staphylococcus sRNA 808,Gene; sRNA;
RF02911,Viruses,Viruses (100.00%),Viruses (100.00%),Baculoviridae_NAE,Baculoviridae Nucleocapsid Assembly essential Element,Cis-reg;
RF03010,Bacteria+Firmicutes/Viruses,"Bacteria (93.75%), Bacteria:Firmicutes (93.75%), unclassified sequences (6.25%)",Viruses (100.00%),mcrA,mcrA RNA,Gene; sRNA;
RF03048,Mixed/Viruses,unclassified sequences (100.00%),Viruses (100.00%),RAGATH-20,RAGATH-20 RNA,Gene; sRNA;
RF03098,Bacteria+Firmicutes/Viruses,"unclassified sequences (94.44%), Bacteria (5.56%), Bacteria:Firmicutes (5.56%)",Viruses (100.00%),RAGATH-22,RAGATH-22 RNA,Gene; sRNA;
RF03105,Mixed/Viruses,unclassified sequences (100.00%),Viruses (100.00%),RAGATH-7-assoc,RAGATH-7-assoc RNA,Gene; sRNA;
RF03116,Viruses+Coronaviridae,"Viruses (100.00%), Viruses:Coronaviridae (100.00%)","Viruses (100.00%), Viruses:Coronaviridae (100.00%)",aCoV-5UTR,Alphacoronavirus 5'UTR,Cis-reg;
RF03117,Viruses+Coronaviridae,"Viruses (100.00%), Viruses:Coronaviridae (100.00%)","Viruses (100.00%), Viruses:Coronaviridae (100.00%)",bCoV-5UTR,Betacoronavirus 5'UTR,Cis-reg;
RF03118,Viruses+Coronaviridae,"Viruses (100.00%), Viruses:Coronaviridae (100.00%)","Viruses (100.00%), Viruses:Coronaviridae (100.00%)",gCoV-5UTR,Gammacoronavirus 5'UTR,Cis-reg;
RF03119,Viruses+Coronaviridae,"Viruses (100.00%), Viruses:Coronaviridae (100.00%)","Viruses (100.00%), Viruses:Coronaviridae (100.00%)",dCoV-5UTR,Deltacoronavirus 5'UTR,Cis-reg;
RF03120,Viruses+Coronaviridae,"Viruses (100.00%), Viruses:Coronaviridae (100.00%)","Viruses (100.00%), Viruses:Coronaviridae (100.00%)",Sarbecovirus-5UTR,Sarbecovirus 5'UTR,Cis-reg;
RF03121,Viruses+Coronaviridae,"Viruses (100.00%), Viruses:Coronaviridae (100.00%)","Viruses (100.00%), Viruses:Coronaviridae (100.00%)",aCoV-3UTR,Alphacoronavirus 3'UTR,Cis-reg;
RF03122,Viruses+Coronaviridae,"Viruses (100.00%), Viruses:Coronaviridae (100.00%)","Viruses (100.00%), Viruses:Coronaviridae (100.00%)",bCoV-3UTR,Betacoronavirus 3'UTR,Cis-reg;
RF03123,Viruses+Coronaviridae,"Viruses (100.00%), Viruses:Coronaviridae (100.00%)","Viruses (100.00%), Viruses:Coronaviridae (100.00%)",gCoV-3UTR,Gammacoronavirus 3'UTR,Cis-reg;
RF03124,Viruses+Coronaviridae,"Viruses (100.00%), Viruses:Coronaviridae (100.00%)","Viruses (100.00%), Viruses:Coronaviridae (100.00%)",dCoV-3UTR,Deltacoronavirus 3'UTR,Cis-reg;
RF03125,Viruses+Coronaviridae,"Viruses (100.00%), Viruses:Coronaviridae (100.00%)","Viruses (100.00%), Viruses:Coronaviridae (100.00%)",Sarbecovirus-3UTR,Sarbecovirus 3'UTR,Cis-reg;
RF03145,Mixed/Viruses,unclassified sequences (100.00%),Viruses (100.00%),RAGATH-14,RAGATH-14 RNA,Gene; sRNA;
RF03146,Mixed/Viruses,unclassified sequences (100.00%),Viruses (100.00%),RAGATH-9,RAGATH-9 RNA,Gene; sRNA;
RF03149,Mixed/Viruses,unclassified sequences (100.00%),Viruses (100.00%),RAGATH-12,RAGATH-12 RNA,Gene; sRNA;
RF03150,Mixed/Viruses,unclassified sequences (100.00%),Viruses (100.00%),RAGATH-15,RAGATH-15 RNA,Gene; sRNA;
RF03152,Mixed/Viruses,unclassified sequences (100.00%),Viruses (100.00%),RAGATH-1-hammerhead,RAGATH-1 hammerhead ribozyme,Gene; ribozyme;
RF03159,Mixed/Viruses,unclassified sequences (100.00%),Viruses (100.00%),RAGATH-7,RAGATH-7 RNA,Gene; sRNA;
RF03200,Viruses+Herpesviridae,"Viruses (100.00%), Viruses:Herpesviridae (100.00%)","Viruses (100.00%), Viruses:Herpesviridae (100.00%)",mir-BART13,mir-BART13 microRNA precursor family,Gene; miRNA;
RF03216,Viruses+Herpesviridae,"Viruses (100.00%), Viruses:Herpesviridae (100.00%)","Viruses (100.00%), Viruses:Herpesviridae (100.00%)",mir-BART10,mir-BART10 microRNA precursor family,Gene; miRNA;
RF03233,Viruses+Herpesviridae,"Viruses (100.00%), Viruses:Herpesviridae (100.00%)","Viruses (100.00%), Viruses:Herpesviridae (100.00%)",hvt-mir-H16,hvt-mir-H16 microRNA precursor family,Gene; miRNA;
RF03294,Viruses+Herpesviridae,"Viruses (100.00%), Viruses:Herpesviridae (100.00%)","Viruses (100.00%), Viruses:Herpesviridae (100.00%)",mir-H3,mir-H3 microRNA precursor family,Gene; miRNA;
RF03484,Viruses+Herpesviridae,"Viruses (100.00%), Viruses:Herpesviridae (100.00%)","Viruses (100.00%), Viruses:Herpesviridae (100.00%)",mir-K12-10,mir-K12-10 microRNA precursor family,Gene; miRNA;
RF03539,Viruses+Flaviviridae/No Data,"Viruses (100.00%), Viruses:Flaviviridae (100.00%)",No Data,Flavi_NKV_xrRNA,No-known vector Flavivirus exoribonuclease-resistant RNA element,Cis-reg;
RF03540,Viruses+Flaviviridae/Eukaryota+Metazoa,"Viruses (100.00%), Viruses:Flaviviridae (100.00%)","Eukaryota (100.00%), Eukaryota:Metazoa (100.00%)",Flavi_NKV_CRE,No-Known-Vector Flavivirus 3' UTR cis-acting replication element (CRE),Cis-reg;
RF03541,Viruses+Flaviviridae/No Data,"Viruses (100.00%), Viruses:Flaviviridae (100.00%)",No Data,Flavi_ISFV_xrRNA,Insect-specific Flavivirus exoribonuclease-resistant RNA element,Cis-reg;
RF03542,Viruses+Flaviviridae/No Data,"Viruses (100.00%), Viruses:Flaviviridae (100.00%)",No Data,Flavi_ISFV_repeat_Ra_Rb,Insect-Specific Flavivirus 3' UTR repeats Ra and Rb elements,Cis-reg;
RF03543,Viruses+Flaviviridae/No Data,"Viruses (100.00%), Viruses:Flaviviridae (100.00%)",No Data,Flavi_ISFV_repeat_Rb,Insect-Specific Flavivirus 3' UTR repeats Rb,Cis-reg;
RF03544,Viruses+Flaviviridae/No Data,"Viruses (100.00%), Viruses:Flaviviridae (100.00%)",No Data,Flavi_ISFV_repeat_Ra,Insect-Specific Flavivirus 3' UTR repeats Ra,Cis-reg;
RF03546,Viruses+Flaviviridae/No Data,"Viruses (100.00%), Viruses:Flaviviridae (100.00%)",No Data,Flavivirus-5UTR,Flavivirus 5' UTR,Cis-reg;
RF03547,Viruses+Flaviviridae/No Data,"Viruses (100.00%), Viruses:Flaviviridae (100.00%)",No Data,Flavi_xrRNA,General Flavivirus exoribonuclease-resistant RNA element,Cis-reg;
RF03563,Viruses+Herpesviridae,"Viruses (100.00%), Viruses:Herpesviridae (100.00%)","Viruses (100.00%), Viruses:Herpesviridae (100.00%)",mir-BART16,mir-BART16 microRNA precursor family,Gene; miRNA;
RF03575,Viruses+Herpesviridae,"Viruses (100.00%), Viruses:Herpesviridae (100.00%)","Viruses (100.00%), Viruses:Herpesviridae (100.00%)",mir-rL1-14,mir-rL1-14 microRNA precursor family,Gene; miRNA;
RF03582,Viruses+Herpesviridae,"Viruses (100.00%), Viruses:Herpesviridae (100.00%)","Viruses (100.00%), Viruses:Herpesviridae (100.00%)",mir-m22-1,mir-m22-1 microRNA precursor family,Gene; miRNA;
RF03610,Viruses+Herpesviridae,"Viruses (100.00%), Viruses:Herpesviridae (100.00%)","Viruses (100.00%), Viruses:Herpesviridae (100.00%)",mir-H7,mir-H7 microRNA precursor family,Gene; miRNA;
RF03726,Viruses+Herpesviridae,"Viruses (100.00%), Viruses:Herpesviridae (100.00%)","Viruses (100.00%), Viruses:Herpesviridae (100.00%)",mir-m21-1,mir-m21-1 microRNA precursor family,Gene; miRNA;
RF03733,Viruses+Herpesviridae,"Viruses (100.00%), Viruses:Herpesviridae (100.00%)","Viruses (100.00%), Viruses:Herpesviridae (100.00%)",mir-BART14,mir-BART14 microRNA precursor family,Gene; miRNA;
RF03805,Viruses,Viruses (100.00%),Viruses (100.00%),bpcv-mir-B1,bpcv-mir-B1 microRNA precursor family,Gene; miRNA;
RF03812,Viruses+Herpesviridae,"Viruses (100.00%), Viruses:Herpesviridae (100.00%)","Viruses (100.00%), Viruses:Herpesviridae (100.00%)",mir-BART19,mir-BART19 microRNA precursor family,Gene; miRNA;
RF03819,Viruses+Herpesviridae,"Viruses (100.00%), Viruses:Herpesviridae (100.00%)","Viruses (100.00%), Viruses:Herpesviridae (100.00%)",mir-Ro6-3,mir-Ro6-3 microRNA precursor family,Gene; miRNA;
RF03832,Viruses+Herpesviridae,"Viruses (100.00%), Viruses:Herpesviridae (100.00%)","Viruses (100.00%), Viruses:Herpesviridae (100.00%)",mir-H4,mir-H4 microRNA precursor family,Gene; miRNA;
RF03864,Viruses+Herpesviridae,"Viruses (100.00%), Viruses:Herpesviridae (100.00%)","Viruses (100.00%), Viruses:Herpesviridae (100.00%)",mir-BART9,mir-BART9 microRNA precursor family,Gene; miRNA;
RF03868,Viruses+Herpesviridae,"Viruses (100.00%), Viruses:Herpesviridae (100.00%)","Viruses (100.00%), Viruses:Herpesviridae (100.00%)",mir-H2,mir-H2 microRNA precursor family,Gene; miRNA;
RF03878,Viruses+Herpesviridae,"Viruses (100.00%), Viruses:Herpesviridae (100.00%)","Viruses (100.00%), Viruses:Herpesviridae (100.00%)",mir-B6,mir-B6 microRNA precursor family,Gene; miRNA;
RF03890,Viruses+Herpesviridae,"Viruses (100.00%), Viruses:Herpesviridae (100.00%)","Viruses (100.00%), Viruses:Herpesviridae (100.00%)",mir-B8,mir-B8 microRNA precursor family,Gene; miRNA;
RF03901,Viruses+Herpesviridae,"Viruses (100.00%), Viruses:Herpesviridae (100.00%)","Viruses (100.00%), Viruses:Herpesviridae (100.00%)",mir-BART18,mir-BART18 microRNA precursor family,Gene; miRNA;
RF03910,Viruses+Herpesviridae,"Viruses (100.00%), Viruses:Herpesviridae (100.00%)","Viruses (100.00%), Viruses:Herpesviridae (100.00%)",mir-H5,mir-H5 microRNA precursor family,Gene; miRNA;
RF03914,Viruses+Herpesviridae,"Viruses (100.00%), Viruses:Herpesviridae (100.00%)","Viruses (100.00%), Viruses:Herpesviridae (100.00%)",mir-BART21,mir-BART21 microRNA precursor family,Gene; miRNA;
RF03934,Viruses+Herpesviridae,"Viruses (100.00%), Viruses:Herpesviridae (100.00%)","Viruses (100.00%), Viruses:Herpesviridae (100.00%)",mir-m107-1,mir-m107-1 microRNA precursor family,Gene; miRNA;
RF03964,Viruses+Herpesviridae,"Viruses (100.00%), Viruses:Herpesviridae (100.00%)","Viruses (100.00%), Viruses:Herpesviridae (100.00%)",mir-H1,mir-H1 microRNA precursor family,Gene; miRNA;
RF04076,Viruses+Herpesviridae,"Viruses (100.00%), Viruses:Herpesviridae (100.00%)","Viruses (100.00%), Viruses:Herpesviridae (93.33%)",mir-H11,mir-H11 microRNA precursor family,Gene; miRNA;
RF04218,Viruses+Flaviviridae,"Viruses (100.00%), Viruses:Flaviviridae (100.00%)","Viruses (100.00%), Viruses:Flaviviridae (100.00%)",HCV_5BSL1,Hepatitis C virus stem-loop I,Cis-reg;
RF04219,Viruses+Flaviviridae,"Viruses (100.00%), Viruses:Flaviviridae (100.00%)","Viruses (100.00%), Viruses:Flaviviridae (100.00%)",HCV_J750,J750 non-coding RNA (containing SLSL761 and SL783),Cis-reg;
RF04220,Viruses+Flaviviridae,"Viruses (100.00%), Viruses:Flaviviridae (100.00%)","Viruses (100.00%), Viruses:Flaviviridae (100.00%)",HCV_SL588,SL588 non-coding RNA,Cis-reg;
RF04221,Viruses+Flaviviridae,"Viruses (100.00%), Viruses:Flaviviridae (100.00%)","Viruses (100.00%), Viruses:Flaviviridae (100.00%)",HCV_SL669,SL669 non-coding RNA,Cis-reg;
RF04279,Viruses+Herpesviridae,"Viruses (100.00%), Viruses:Herpesviridae (100.00%)","Viruses (100.00%), Viruses:Herpesviridae (100.00%)",mir-H20,mir-H20 microRNA precursor family,Gene; miRNA;
RF04305,Viruses+Flaviviridae/Mixed,"Viruses (100.00%), Viruses:Flaviviridae (100.00%)","Bacteria (50.00%), Viruses (50.00%), Bacteria:Actinobacteria (50.00%), Viruses:Flaviviridae (50.00%)",HCV_SL1412,Hepatitis C virus stem-loop SL1412 RNA,Cis-reg;
RF04306,Viruses+Flaviviridae/Mixed,"Viruses (100.00%), Viruses:Flaviviridae (100.00%)","Eukaryota (50.00%), Viruses (50.00%), Eukaryota:Metazoa (50.00%), Viruses:Flaviviridae (50.00%)",HCV_SL8001,Hepatitis C virus stem-loop SL8001 RNA,Cis-reg;
RF04307,Viruses+Flaviviridae,"Viruses (100.00%), Viruses:Flaviviridae (100.00%)","Viruses (100.00%), Viruses:Flaviviridae (100.00%)",HCV_SL8670,Hepatitis C virus stem-loop SL8670,Cis-reg;
RF04308,Viruses+Flaviviridae,"Viruses (100.00%), Viruses:Flaviviridae (100.00%)","Viruses (100.00%), Viruses:Flaviviridae (100.00%)",HCV_SL2531-SL2549,Hepatitis C virus stem-loop SL2531 and SL2549AU,Cis-reg;
RF04309,Viruses+Flaviviridae,"Viruses (100.00%), Viruses:Flaviviridae (100.00%)","Viruses (100.00%), Viruses:Flaviviridae (100.00%)",HCV_J7880,Hepatitis C virus J7880 RNA,Cis-reg;
RF04322,Viruses+Flaviviridae/Viruses,"Viruses (72.22%), Viruses:Flaviviridae (69.44%), unclassified sequences (27.78%)","Viruses (100.00%), Viruses:Flaviviridae (50.00%)",Pestivirus-3UTR-SLI,Pestivirus 3' UTR SLI,Cis-reg;
RF04323,Viruses+Flaviviridae,"Viruses (90.00%), Viruses:Flaviviridae (90.00%), unclassified sequences (10.00%)","Viruses (100.00%), Viruses:Flaviviridae (100.00%)",Pestivirus-3UTR-SLIV-SLII-BVDV-1,Pestivirus 3' UTR SLIV and SLII bovine viral diarrhea virus (BVDV-1),Gene; sRNA;
RF04324,Viruses+Flaviviridae/No Data,"Viruses (100.00%), Viruses:Flaviviridae (100.00%)",No Data,Pestivirus-3UTR-SLIV-SLIII-SLII-CSFV,"Pestivirus 3' UTR SLIV, SLIII and SLII classical swine fever virus",Gene; sRNA;
RF04326,Viruses/Mixed,"Viruses (86.16%), unclassified sequences (13.84%)","Viruses (56.12%), Eukaryota (41.84%), Eukaryota:Viridiplantae (21.43%), Eukaryota:Metazoa (18.37%), Bacteria (2.04%), Eukaryota:Fungi (2.04%)",PV_xrRNA_class3,Exoribonuclease-resistant RNA (xrRNA) plant-infecting virus (class 3),Cis-reg;
